{
    "stats": {
        "ProcessA": {
            "average": 14.534236804564907,
            "P99": 27.99000000000001,
            "P90": 17.0
        },
        "ProcessB": {
            "average": 27.698065601345668,
            "P99": 65.47999999999956,
            "P90": 34.0
        }
    },
    "throughput": 24.43402638596002,
    "average_frame_processing_time": 67.80824222035324
}